<?xml version="1.0" encoding="UTF-8"?>
<openca base="/pki/batch">
  <menu name="General" img="images/info-key.png">
    <item name="Home" img="" lnk="?cmd=getStaticPage;name=homePage" />
    <item name="Server Info" img="" lnk="?cmd=serverInfo" />
    <item />
    <submenu name="Go To..." img="">
      <item name="CA Interface" img="" lnk="/pki/ca?" />
      <item name="RA Interface" img="" lnk="/pki/ra?" />
      <item />
      <item name="Public Interface" img="" lnk="/pki/pub?" />
      <item />
      <item name="LDAP Management" img="" lnk="/pki/ldap?" />
      <item name="Node Management" img="" lnk="/pki/node?" />
    </submenu>
    <item />
    <item name="Logout" img="" lnk="?cmd=logout" />
  </menu>
  <menu name="Tasks" img="">
    <item name="Issue Certificates" img=""
		lnk="?cmd=getParams;GET_PARAMS_CMD=bpIssueCertificate" />
    <item name="Revoke Certificates" img="" 
		lnk="?cmd=getParams;GET_PARAMS_CMD=bpRevokeCertificate" />
    <item />
    <item name="Workflow Management" img="" 
		lnk="?cmd=getStaticPage;name=workflow" />
  </menu>
  <menu name="Help" img="">
    <item name="OpenCA PKI Guide" img="" lnk="http://www.openca.org/projects/openca/docs.shtml?" />
    <item name="OpenCA PKI Home" img="" lnk="http://www.openca.org/projects/openca?" />
    <item />
    <item name="OpenCA Labs" img="" lnk="http://www.openca.org/?" />
    <item name="OpenCA PKI Project" img="" lnk="http://www.openca.org/projects/openca?" />
  </menu>
  <menu name="Languages" img="" >
    <item name="English" img=""
		lnk="?cmd=setLanguage;lang=en_GB;charset=UTF-8" />
    <item name="Spanish" img=""
		lnk="?cmd=setLanguage;lang=es_ES;charset=UTF-8" />
    <item name="Italian" img=""
		lnk="?cmd=setLanguage;lang=it_IT;charset=UTF-8" />
    <item name="French" img=""
		lnk="?cmd=setLanguage;lang=fr_FR;charset=UTF-8" />
    <item name="Japanese" img=""
		lnk="?cmd=setLanguage;lang=ja_JP;charset=UTF-8" />
    <item name="Greek" img=""
		lnk="?cmd=setLanguage;lang=el_GR;charset=UTF-8" />
    <item name="Polish" img=""
		lnk="?cmd=setLanguage;lang=pl_PL;charset=UTF-8" />
    <item name="Slovene" img=""
		lnk="?cmd=setLanguage;lang=sl_SI;charset=UTF-8" />
    <item name="Russian" img=""
		lnk="?cmd=setLanguage;lang=ru_RU;charset=UTF-8" />
    <item name="German" img=""
		lnk="?cmd=setLanguage;lang=de_DE;charset=UTF-8" />
  </menu>
  <item name="Home" img="images/home.png"
  		lnk="?cmd=getStaticPage;name=homePage" />
</openca>
